USE accommodation_db;

-- Staff
INSERT INTO Staff (staff_id, first_name, last_name, email, phone, position, department, location, dob, password) VALUES
(1,'Ananya','Iyer','ananya1@univ.edu','9001','Adviser','CSE','Office','1970-01-01','staff123'),
(2,'Ananya','Nair','ananya2@univ.edu','9002','Adviser','CSE','Office','1970-01-01','staff123'),
(3,'Rohan','Gupta','rohan3@univ.edu','9003','Adviser','CSE','Office','1970-01-01','staff123'),
(4,'Meera','Rao','meera4@univ.edu','9004','Adviser','CSE','Office','1970-01-01','staff123'),
(5,'Vivaan','Gupta','vivaan5@univ.edu','9005','Adviser','CSE','Office','1970-01-01','staff123'),
(6,'Krishna','Gupta','krishna6@univ.edu','9006','Adviser','CSE','Office','1970-01-01','staff123'),
(7,'Isha','Patel','isha7@univ.edu','9007','Adviser','CSE','Office','1970-01-01','staff123'),
(8,'Varun','Reddy','varun8@univ.edu','9008','Adviser','CSE','Office','1970-01-01','staff123'),
(9,'Priya','Singh','priya9@univ.edu','9009','Adviser','CSE','Office','1970-01-01','staff123'),
(10,'Pooja','Iyer','pooja10@univ.edu','90010','Adviser','CSE','Office','1970-01-01','staff123');

-- Courses
INSERT INTO Course VALUES ('CS1','Course1','Dr.X','111','c1@univ.edu','L1','CSE'),('CS2','Course2','Dr.X','111','c2@univ.edu','L2','CSE'),('CS3','Course3','Dr.X','111','c3@univ.edu','L3','CSE');

-- Hall
INSERT INTO Hall VALUES ('Hall A','5551',1), ('Hall B','5552',2), ('Hall C','5553',3), ('Hall D','5554',4), ('Hall E','5555',5);

-- Rooms (250 rooms across 5 halls)
INSERT INTO Room (room_no, rent, hall_name) VALUES 
('A1', 450, 'Hall A'),
('A2', 500, 'Hall A'),
('A3', 550, 'Hall A'),
('A4', 600, 'Hall A'),
('A5', 650, 'Hall A'),
('A6', 700, 'Hall A'),
('A7', 750, 'Hall A'),
('A8', 800, 'Hall A'),
('A9', 850, 'Hall A'),
('A10', 400, 'Hall A'),
('A11', 450, 'Hall A'),
('A12', 500, 'Hall A'),
('A13', 550, 'Hall A'),
('A14', 600, 'Hall A'),
('A15', 650, 'Hall A'),
('A16', 700, 'Hall A'),
('A17', 750, 'Hall A'),
('A18', 800, 'Hall A'),
('A19', 850, 'Hall A'),
('A20', 400, 'Hall A'),
('A21', 450, 'Hall A'),
('A22', 500, 'Hall A'),
('A23', 550, 'Hall A'),
('A24', 600, 'Hall A'),
('A25', 650, 'Hall A'),
('A26', 700, 'Hall A'),
('A27', 750, 'Hall A'),
('A28', 800, 'Hall A'),
('A29', 850, 'Hall A'),
('A30', 400, 'Hall A'),
('A31', 450, 'Hall A'),
('A32', 500, 'Hall A'),
('A33', 550, 'Hall A'),
('A34', 600, 'Hall A'),
('A35', 650, 'Hall A'),
('A36', 700, 'Hall A'),
('A37', 750, 'Hall A'),
('A38', 800, 'Hall A'),
('A39', 850, 'Hall A'),
('A40', 400, 'Hall A'),
('A41', 450, 'Hall A'),
('A42', 500, 'Hall A'),
('A43', 550, 'Hall A'),
('A44', 600, 'Hall A'),
('A45', 650, 'Hall A'),
('A46', 700, 'Hall A'),
('A47', 750, 'Hall A'),
('A48', 800, 'Hall A'),
('A49', 850, 'Hall A'),
('A50', 400, 'Hall A'),
('B1', 500, 'Hall B'),
('B2', 550, 'Hall B'),
('B3', 600, 'Hall B'),
('B4', 650, 'Hall B'),
('B5', 700, 'Hall B'),
('B6', 750, 'Hall B'),
('B7', 800, 'Hall B'),
('B8', 850, 'Hall B'),
('B9', 900, 'Hall B'),
('B10', 450, 'Hall B'),
('B11', 500, 'Hall B'),
('B12', 550, 'Hall B'),
('B13', 600, 'Hall B'),
('B14', 650, 'Hall B'),
('B15', 700, 'Hall B'),
('B16', 750, 'Hall B'),
('B17', 800, 'Hall B'),
('B18', 850, 'Hall B'),
('B19', 900, 'Hall B'),
('B20', 450, 'Hall B'),
('B21', 500, 'Hall B'),
('B22', 550, 'Hall B'),
('B23', 600, 'Hall B'),
('B24', 650, 'Hall B'),
('B25', 700, 'Hall B'),
('B26', 750, 'Hall B'),
('B27', 800, 'Hall B'),
('B28', 850, 'Hall B'),
('B29', 900, 'Hall B'),
('B30', 450, 'Hall B'),
('B31', 500, 'Hall B'),
('B32', 550, 'Hall B'),
('B33', 600, 'Hall B'),
('B34', 650, 'Hall B'),
('B35', 700, 'Hall B'),
('B36', 750, 'Hall B'),
('B37', 800, 'Hall B'),
('B38', 850, 'Hall B'),
('B39', 900, 'Hall B'),
('B40', 450, 'Hall B'),
('B41', 500, 'Hall B'),
('B42', 550, 'Hall B'),
('B43', 600, 'Hall B'),
('B44', 650, 'Hall B'),
('B45', 700, 'Hall B'),
('B46', 750, 'Hall B'),
('B47', 800, 'Hall B'),
('B48', 850, 'Hall B'),
('B49', 900, 'Hall B'),
('B50', 450, 'Hall B'),
('C1', 550, 'Hall C'),
('C2', 600, 'Hall C'),
('C3', 650, 'Hall C'),
('C4', 700, 'Hall C'),
('C5', 750, 'Hall C'),
('C6', 800, 'Hall C'),
('C7', 850, 'Hall C'),
('C8', 900, 'Hall C'),
('C9', 950, 'Hall C'),
('C10', 500, 'Hall C'),
('C11', 550, 'Hall C'),
('C12', 600, 'Hall C'),
('C13', 650, 'Hall C'),
('C14', 700, 'Hall C'),
('C15', 750, 'Hall C'),
('C16', 800, 'Hall C'),
('C17', 850, 'Hall C'),
('C18', 900, 'Hall C'),
('C19', 950, 'Hall C'),
('C20', 500, 'Hall C'),
('C21', 550, 'Hall C'),
('C22', 600, 'Hall C'),
('C23', 650, 'Hall C'),
('C24', 700, 'Hall C'),
('C25', 750, 'Hall C'),
('C26', 800, 'Hall C'),
('C27', 850, 'Hall C'),
('C28', 900, 'Hall C'),
('C29', 950, 'Hall C'),
('C30', 500, 'Hall C'),
('C31', 550, 'Hall C'),
('C32', 600, 'Hall C'),
('C33', 650, 'Hall C'),
('C34', 700, 'Hall C'),
('C35', 750, 'Hall C'),
('C36', 800, 'Hall C'),
('C37', 850, 'Hall C'),
('C38', 900, 'Hall C'),
('C39', 950, 'Hall C'),
('C40', 500, 'Hall C'),
('C41', 550, 'Hall C'),
('C42', 600, 'Hall C'),
('C43', 650, 'Hall C'),
('C44', 700, 'Hall C'),
('C45', 750, 'Hall C'),
('C46', 800, 'Hall C'),
('C47', 850, 'Hall C'),
('C48', 900, 'Hall C'),
('C49', 950, 'Hall C'),
('C50', 500, 'Hall C'),
('D1', 600, 'Hall D'),
('D2', 650, 'Hall D'),
('D3', 700, 'Hall D'),
('D4', 750, 'Hall D'),
('D5', 800, 'Hall D'),
('D6', 850, 'Hall D'),
('D7', 900, 'Hall D'),
('D8', 950, 'Hall D'),
('D9', 1000, 'Hall D'),
('D10', 550, 'Hall D'),
('D11', 600, 'Hall D'),
('D12', 650, 'Hall D'),
('D13', 700, 'Hall D'),
('D14', 750, 'Hall D'),
('D15', 800, 'Hall D'),
('D16', 850, 'Hall D'),
('D17', 900, 'Hall D'),
('D18', 950, 'Hall D'),
('D19', 1000, 'Hall D'),
('D20', 550, 'Hall D'),
('D21', 600, 'Hall D'),
('D22', 650, 'Hall D'),
('D23', 700, 'Hall D'),
('D24', 750, 'Hall D'),
('D25', 800, 'Hall D'),
('D26', 850, 'Hall D'),
('D27', 900, 'Hall D'),
('D28', 950, 'Hall D'),
('D29', 1000, 'Hall D'),
('D30', 550, 'Hall D'),
('D31', 600, 'Hall D'),
('D32', 650, 'Hall D'),
('D33', 700, 'Hall D'),
('D34', 750, 'Hall D'),
('D35', 800, 'Hall D'),
('D36', 850, 'Hall D'),
('D37', 900, 'Hall D'),
('D38', 950, 'Hall D'),
('D39', 1000, 'Hall D'),
('D40', 550, 'Hall D'),
('D41', 600, 'Hall D'),
('D42', 650, 'Hall D'),
('D43', 700, 'Hall D'),
('D44', 750, 'Hall D'),
('D45', 800, 'Hall D'),
('D46', 850, 'Hall D'),
('D47', 900, 'Hall D'),
('D48', 950, 'Hall D'),
('D49', 1000, 'Hall D'),
('D50', 550, 'Hall D'),
('E1', 650, 'Hall E'),
('E2', 700, 'Hall E'),
('E3', 750, 'Hall E'),
('E4', 800, 'Hall E'),
('E5', 850, 'Hall E'),
('E6', 900, 'Hall E'),
('E7', 950, 'Hall E'),
('E8', 1000, 'Hall E'),
('E9', 1050, 'Hall E'),
('E10', 600, 'Hall E'),
('E11', 650, 'Hall E'),
('E12', 700, 'Hall E'),
('E13', 750, 'Hall E'),
('E14', 800, 'Hall E'),
('E15', 850, 'Hall E'),
('E16', 900, 'Hall E'),
('E17', 950, 'Hall E'),
('E18', 1000, 'Hall E'),
('E19', 1050, 'Hall E'),
('E20', 600, 'Hall E'),
('E21', 650, 'Hall E'),
('E22', 700, 'Hall E'),
('E23', 750, 'Hall E'),
('E24', 800, 'Hall E'),
('E25', 850, 'Hall E'),
('E26', 900, 'Hall E'),
('E27', 950, 'Hall E'),
('E28', 1000, 'Hall E'),
('E29', 1050, 'Hall E'),
('E30', 600, 'Hall E'),
('E31', 650, 'Hall E'),
('E32', 700, 'Hall E'),
('E33', 750, 'Hall E'),
('E34', 800, 'Hall E'),
('E35', 850, 'Hall E'),
('E36', 900, 'Hall E'),
('E37', 950, 'Hall E'),
('E38', 1000, 'Hall E'),
('E39', 1050, 'Hall E'),
('E40', 600, 'Hall E'),
('E41', 650, 'Hall E'),
('E42', 700, 'Hall E'),
('E43', 750, 'Hall E'),
('E44', 800, 'Hall E'),
('E45', 850, 'Hall E'),
('E46', 900, 'Hall E'),
('E47', 950, 'Hall E'),
('E48', 1000, 'Hall E'),
('E49', 1050, 'Hall E'),
('E50', 600, 'Hall E');

-- Students (300 students)
INSERT INTO Student (banner_id, first_name, last_name, city, phone, email, dob, gender, category, nationality, status, major, minor, adviser_id, course_id) VALUES 
('B1','Meera','Singh','Delhi','9000000001','meera1@student.edu','2004-01-01','M','Undergraduate','India','placed','CSE','Math',2,'CS1'),
('B2','Sneha','Rao','Bangalore','9000000002','sneha2@student.edu','2004-01-01','M','Undergraduate','India','placed','CSE','Math',3,'CS1'),
('B3','Sai','Patel','Hyderabad','9000000003','sai3@student.edu','2004-01-01','M','Undergraduate','India','placed','CSE','Math',4,'CS1'),
('B4','Divya','Gupta','Pune','9000000004','divya4@student.edu','2004-01-01','M','Undergraduate','India','placed','CSE','Math',5,'CS1'),
('B5','Aarav','Verma','Chennai','9000000005','aarav5@student.edu','2004-01-01','M','Undergraduate','India','placed','CSE','Math',6,'CS1'),
('B6','Krishna','Sharma','Kolkata','9000000006','krishna6@student.edu','2004-01-01','M','Undergraduate','India','placed','CSE','Math',7,'CS1'),
('B7','Vivaan','Nair','Ahmedabad','9000000007','vivaan7@student.edu','2004-01-01','M','Undergraduate','India','placed','CSE','Math',8,'CS1'),
('B8','Arjun','Reddy','Mumbai','9000000008','arjun8@student.edu','2004-01-01','M','Undergraduate','India','placed','CSE','Math',9,'CS1'),
('B9','Varun','Iyer','Delhi','9000000009','varun9@student.edu','2004-01-01','M','Undergraduate','India','placed','CSE','Math',10,'CS1'),
('B10','Aditya','Mehta','Bangalore','9000000010','aditya10@student.edu','2004-01-01','M','Undergraduate','India','placed','CSE','Math',1,'CS1'),
('B11','Priya','Singh','Hyderabad','9000000011','priya11@student.edu','2004-01-01','M','Undergraduate','India','placed','CSE','Math',2,'CS1'),
('B12','Karthik','Rao','Pune','9000000012','karthik12@student.edu','2004-01-01','M','Undergraduate','India','placed','CSE','Math',3,'CS1'),
('B13','Rahul','Patel','Chennai','9000000013','rahul13@student.edu','2004-01-01','M','Undergraduate','India','placed','CSE','Math',4,'CS1'),
('B14','Ananya','Gupta','Kolkata','9000000014','ananya14@student.edu','2004-01-01','M','Undergraduate','India','placed','CSE','Math',5,'CS1'),
('B15','Isha','Verma','Ahmedabad','9000000015','isha15@student.edu','2004-01-01','M','Undergraduate','India','placed','CSE','Math',6,'CS1'),
('B16','Meera','Sharma','Mumbai','9000000016','meera16@student.edu','2004-01-01','M','Undergraduate','India','placed','CSE','Math',7,'CS1'),
('B17','Sneha','Nair','Delhi','9000000017','sneha17@student.edu','2004-01-01','M','Undergraduate','India','placed','CSE','Math',8,'CS1'),
('B18','Sai','Reddy','Bangalore','9000000018','sai18@student.edu','2004-01-01','M','Undergraduate','India','placed','CSE','Math',9,'CS1'),
('B19','Divya','Iyer','Hyderabad','9000000019','divya19@student.edu','2004-01-01','M','Undergraduate','India','placed','CSE','Math',10,'CS1'),
('B20','Aarav','Mehta','Pune','9000000020','aarav20@student.edu','2004-01-01','M','Undergraduate','India','placed','CSE','Math',1,'CS1'),
('B21','Krishna','Singh','Chennai','9000000021','krishna21@student.edu','2004-01-01','M','Undergraduate','India','placed','CSE','Math',2,'CS1'),
('B22','Vivaan','Rao','Kolkata','9000000022','vivaan22@student.edu','2004-01-01','M','Undergraduate','India','placed','CSE','Math',3,'CS1'),
('B23','Arjun','Patel','Ahmedabad','9000000023','arjun23@student.edu','2004-01-01','M','Undergraduate','India','placed','CSE','Math',4,'CS1'),
('B24','Varun','Gupta','Mumbai','9000000024','varun24@student.edu','2004-01-01','M','Undergraduate','India','placed','CSE','Math',5,'CS1'),
('B25','Aditya','Verma','Delhi','9000000025','aditya25@student.edu','2004-01-01','M','Undergraduate','India','placed','CSE','Math',6,'CS1'),
('B26','Priya','Sharma','Bangalore','9000000026','priya26@student.edu','2004-01-01','M','Undergraduate','India','placed','CSE','Math',7,'CS1'),
('B27','Karthik','Nair','Hyderabad','9000000027','karthik27@student.edu','2004-01-01','M','Undergraduate','India','placed','CSE','Math',8,'CS1'),
('B28','Rahul','Reddy','Pune','9000000028','rahul28@student.edu','2004-01-01','M','Undergraduate','India','placed','CSE','Math',9,'CS1'),
('B29','Ananya','Iyer','Chennai','9000000029','ananya29@student.edu','2004-01-01','M','Undergraduate','India','placed','CSE','Math',10,'CS1'),
('B30','Isha','Mehta','Kolkata','9000000030','isha30@student.edu','2004-01-01','M','Undergraduate','India','placed','CSE','Math',1,'CS1'),
('B31','Meera','Singh','Ahmedabad','9000000031','meera31@student.edu','2004-01-01','M','Undergraduate','India','placed','CSE','Math',2,'CS1'),
('B32','Sneha','Rao','Mumbai','9000000032','sneha32@student.edu','2004-01-01','M','Undergraduate','India','placed','CSE','Math',3,'CS1'),
('B33','Sai','Patel','Delhi','9000000033','sai33@student.edu','2004-01-01','M','Undergraduate','India','placed','CSE','Math',4,'CS1'),
('B34','Divya','Gupta','Bangalore','9000000034','divya34@student.edu','2004-01-01','M','Undergraduate','India','placed','CSE','Math',5,'CS1'),
('B35','Aarav','Verma','Hyderabad','9000000035','aarav35@student.edu','2004-01-01','M','Undergraduate','India','placed','CSE','Math',6,'CS1'),
('B36','Krishna','Sharma','Pune','9000000036','krishna36@student.edu','2004-01-01','M','Undergraduate','India','placed','CSE','Math',7,'CS1'),
('B37','Vivaan','Nair','Chennai','9000000037','vivaan37@student.edu','2004-01-01','M','Undergraduate','India','placed','CSE','Math',8,'CS1'),
('B38','Arjun','Reddy','Kolkata','9000000038','arjun38@student.edu','2004-01-01','M','Undergraduate','India','placed','CSE','Math',9,'CS1'),
('B39','Varun','Iyer','Ahmedabad','9000000039','varun39@student.edu','2004-01-01','M','Undergraduate','India','placed','CSE','Math',10,'CS1'),
('B40','Aditya','Mehta','Mumbai','9000000040','aditya40@student.edu','2004-01-01','M','Undergraduate','India','placed','CSE','Math',1,'CS1'),
('B41','Priya','Singh','Delhi','9000000041','priya41@student.edu','2004-01-01','M','Undergraduate','India','placed','CSE','Math',2,'CS1'),
('B42','Karthik','Rao','Bangalore','9000000042','karthik42@student.edu','2004-01-01','M','Undergraduate','India','placed','CSE','Math',3,'CS1'),
('B43','Rahul','Patel','Hyderabad','9000000043','rahul43@student.edu','2004-01-01','M','Undergraduate','India','placed','CSE','Math',4,'CS1'),
('B44','Ananya','Gupta','Pune','9000000044','ananya44@student.edu','2004-01-01','M','Undergraduate','India','placed','CSE','Math',5,'CS1'),
('B45','Isha','Verma','Chennai','9000000045','isha45@student.edu','2004-01-01','M','Undergraduate','India','placed','CSE','Math',6,'CS1'),
('B46','Meera','Sharma','Kolkata','9000000046','meera46@student.edu','2004-01-01','M','Undergraduate','India','placed','CSE','Math',7,'CS1'),
('B47','Sneha','Nair','Ahmedabad','9000000047','sneha47@student.edu','2004-01-01','M','Undergraduate','India','placed','CSE','Math',8,'CS1'),
('B48','Sai','Reddy','Mumbai','9000000048','sai48@student.edu','2004-01-01','M','Undergraduate','India','placed','CSE','Math',9,'CS1'),
('B49','Divya','Iyer','Delhi','9000000049','divya49@student.edu','2004-01-01','M','Undergraduate','India','placed','CSE','Math',10,'CS1'),
('B50','Aarav','Mehta','Bangalore','9000000050','aarav50@student.edu','2004-01-01','M','Undergraduate','India','placed','CSE','Math',1,'CS1'),
('B51','Krishna','Singh','Hyderabad','9000000051','krishna51@student.edu','2004-01-01','M','Undergraduate','India','placed','CSE','Math',2,'CS1'),
('B52','Vivaan','Rao','Pune','9000000052','vivaan52@student.edu','2004-01-01','M','Undergraduate','India','placed','CSE','Math',3,'CS1'),
('B53','Arjun','Patel','Chennai','9000000053','arjun53@student.edu','2004-01-01','M','Undergraduate','India','placed','CSE','Math',4,'CS1'),
('B54','Varun','Gupta','Kolkata','9000000054','varun54@student.edu','2004-01-01','M','Undergraduate','India','placed','CSE','Math',5,'CS1'),
('B55','Aditya','Verma','Ahmedabad','9000000055','aditya55@student.edu','2004-01-01','M','Undergraduate','India','placed','CSE','Math',6,'CS1'),
('B56','Priya','Sharma','Mumbai','9000000056','priya56@student.edu','2004-01-01','M','Undergraduate','India','placed','CSE','Math',7,'CS1'),
('B57','Karthik','Nair','Delhi','9000000057','karthik57@student.edu','2004-01-01','M','Undergraduate','India','placed','CSE','Math',8,'CS1'),
('B58','Rahul','Reddy','Bangalore','9000000058','rahul58@student.edu','2004-01-01','M','Undergraduate','India','placed','CSE','Math',9,'CS1'),
('B59','Ananya','Iyer','Hyderabad','9000000059','ananya59@student.edu','2004-01-01','M','Undergraduate','India','placed','CSE','Math',10,'CS1'),
('B60','Isha','Mehta','Pune','9000000060','isha60@student.edu','2004-01-01','M','Undergraduate','India','placed','CSE','Math',1,'CS1'),
('B61','Meera','Singh','Chennai','9000000061','meera61@student.edu','2004-01-01','M','Undergraduate','India','placed','CSE','Math',2,'CS1'),
('B62','Sneha','Rao','Kolkata','9000000062','sneha62@student.edu','2004-01-01','M','Undergraduate','India','placed','CSE','Math',3,'CS1'),
('B63','Sai','Patel','Ahmedabad','9000000063','sai63@student.edu','2004-01-01','M','Undergraduate','India','placed','CSE','Math',4,'CS1'),
('B64','Divya','Gupta','Mumbai','9000000064','divya64@student.edu','2004-01-01','M','Undergraduate','India','placed','CSE','Math',5,'CS1'),
('B65','Aarav','Verma','Delhi','9000000065','aarav65@student.edu','2004-01-01','M','Undergraduate','India','placed','CSE','Math',6,'CS1'),
('B66','Krishna','Sharma','Bangalore','9000000066','krishna66@student.edu','2004-01-01','M','Undergraduate','India','placed','CSE','Math',7,'CS1'),
('B67','Vivaan','Nair','Hyderabad','9000000067','vivaan67@student.edu','2004-01-01','M','Undergraduate','India','placed','CSE','Math',8,'CS1'),
('B68','Arjun','Reddy','Pune','9000000068','arjun68@student.edu','2004-01-01','M','Undergraduate','India','placed','CSE','Math',9,'CS1'),
('B69','Varun','Iyer','Chennai','9000000069','varun69@student.edu','2004-01-01','M','Undergraduate','India','placed','CSE','Math',10,'CS1'),
('B70','Aditya','Mehta','Kolkata','9000000070','aditya70@student.edu','2004-01-01','M','Undergraduate','India','placed','CSE','Math',1,'CS1'),
('B71','Priya','Singh','Ahmedabad','9000000071','priya71@student.edu','2004-01-01','M','Undergraduate','India','placed','CSE','Math',2,'CS1'),
('B72','Karthik','Rao','Mumbai','9000000072','karthik72@student.edu','2004-01-01','M','Undergraduate','India','placed','CSE','Math',3,'CS1'),
('B73','Rahul','Patel','Delhi','9000000073','rahul73@student.edu','2004-01-01','M','Undergraduate','India','placed','CSE','Math',4,'CS1'),
('B74','Ananya','Gupta','Bangalore','9000000074','ananya74@student.edu','2004-01-01','M','Undergraduate','India','placed','CSE','Math',5,'CS1'),
('B75','Isha','Verma','Hyderabad','9000000075','isha75@student.edu','2004-01-01','M','Undergraduate','India','placed','CSE','Math',6,'CS1'),
('B76','Meera','Sharma','Pune','9000000076','meera76@student.edu','2004-01-01','M','Undergraduate','India','placed','CSE','Math',7,'CS1'),
('B77','Sneha','Nair','Chennai','9000000077','sneha77@student.edu','2004-01-01','M','Undergraduate','India','placed','CSE','Math',8,'CS1'),
('B78','Sai','Reddy','Kolkata','9000000078','sai78@student.edu','2004-01-01','M','Undergraduate','India','placed','CSE','Math',9,'CS1'),
('B79','Divya','Iyer','Ahmedabad','9000000079','divya79@student.edu','2004-01-01','M','Undergraduate','India','placed','CSE','Math',10,'CS1'),
('B80','Aarav','Mehta','Mumbai','9000000080','aarav80@student.edu','2004-01-01','M','Undergraduate','India','placed','CSE','Math',1,'CS1'),
('B81','Krishna','Singh','Delhi','9000000081','krishna81@student.edu','2004-01-01','M','Undergraduate','India','placed','CSE','Math',2,'CS1'),
('B82','Vivaan','Rao','Bangalore','9000000082','vivaan82@student.edu','2004-01-01','M','Undergraduate','India','placed','CSE','Math',3,'CS1'),
('B83','Arjun','Patel','Hyderabad','9000000083','arjun83@student.edu','2004-01-01','M','Undergraduate','India','placed','CSE','Math',4,'CS1'),
('B84','Varun','Gupta','Pune','9000000084','varun84@student.edu','2004-01-01','M','Undergraduate','India','placed','CSE','Math',5,'CS1'),
('B85','Aditya','Verma','Chennai','9000000085','aditya85@student.edu','2004-01-01','M','Undergraduate','India','placed','CSE','Math',6,'CS1'),
('B86','Priya','Sharma','Kolkata','9000000086','priya86@student.edu','2004-01-01','M','Undergraduate','India','placed','CSE','Math',7,'CS1'),
('B87','Karthik','Nair','Ahmedabad','9000000087','karthik87@student.edu','2004-01-01','M','Undergraduate','India','placed','CSE','Math',8,'CS1'),
('B88','Rahul','Reddy','Mumbai','9000000088','rahul88@student.edu','2004-01-01','M','Undergraduate','India','placed','CSE','Math',9,'CS1'),
('B89','Ananya','Iyer','Delhi','9000000089','ananya89@student.edu','2004-01-01','M','Undergraduate','India','placed','CSE','Math',10,'CS1'),
('B90','Isha','Mehta','Bangalore','9000000090','isha90@student.edu','2004-01-01','M','Undergraduate','India','placed','CSE','Math',1,'CS1'),
('B91','Meera','Singh','Hyderabad','9000000091','meera91@student.edu','2004-01-01','M','Undergraduate','India','placed','CSE','Math',2,'CS1'),
('B92','Sneha','Rao','Pune','9000000092','sneha92@student.edu','2004-01-01','M','Undergraduate','India','placed','CSE','Math',3,'CS1'),
('B93','Sai','Patel','Chennai','9000000093','sai93@student.edu','2004-01-01','M','Undergraduate','India','placed','CSE','Math',4,'CS1'),
('B94','Divya','Gupta','Kolkata','9000000094','divya94@student.edu','2004-01-01','M','Undergraduate','India','placed','CSE','Math',5,'CS1'),
('B95','Aarav','Verma','Ahmedabad','9000000095','aarav95@student.edu','2004-01-01','M','Undergraduate','India','placed','CSE','Math',6,'CS1'),
('B96','Krishna','Sharma','Mumbai','9000000096','krishna96@student.edu','2004-01-01','M','Undergraduate','India','placed','CSE','Math',7,'CS1'),
('B97','Vivaan','Nair','Delhi','9000000097','vivaan97@student.edu','2004-01-01','M','Undergraduate','India','placed','CSE','Math',8,'CS1'),
('B98','Arjun','Reddy','Bangalore','9000000098','arjun98@student.edu','2004-01-01','M','Undergraduate','India','placed','CSE','Math',9,'CS1'),
('B99','Varun','Iyer','Hyderabad','9000000099','varun99@student.edu','2004-01-01','M','Undergraduate','India','placed','CSE','Math',10,'CS1'),
('B100','Aditya','Mehta','Pune','9000000100','aditya100@student.edu','2004-01-01','M','Undergraduate','India','placed','CSE','Math',1,'CS1'),
('B101','Priya','Singh','Chennai','9000000101','priya101@student.edu','2004-01-01','M','Undergraduate','India','placed','CSE','Math',2,'CS1'),
('B102','Karthik','Rao','Kolkata','9000000102','karthik102@student.edu','2004-01-01','M','Undergraduate','India','placed','CSE','Math',3,'CS1'),
('B103','Rahul','Patel','Ahmedabad','9000000103','rahul103@student.edu','2004-01-01','M','Undergraduate','India','placed','CSE','Math',4,'CS1'),
('B104','Ananya','Gupta','Mumbai','9000000104','ananya104@student.edu','2004-01-01','M','Undergraduate','India','placed','CSE','Math',5,'CS1'),
('B105','Isha','Verma','Delhi','9000000105','isha105@student.edu','2004-01-01','M','Undergraduate','India','placed','CSE','Math',6,'CS1'),
('B106','Meera','Sharma','Bangalore','9000000106','meera106@student.edu','2004-01-01','M','Undergraduate','India','placed','CSE','Math',7,'CS1'),
('B107','Sneha','Nair','Hyderabad','9000000107','sneha107@student.edu','2004-01-01','M','Undergraduate','India','placed','CSE','Math',8,'CS1'),
('B108','Sai','Reddy','Pune','9000000108','sai108@student.edu','2004-01-01','M','Undergraduate','India','placed','CSE','Math',9,'CS1'),
('B109','Divya','Iyer','Chennai','9000000109','divya109@student.edu','2004-01-01','M','Undergraduate','India','placed','CSE','Math',10,'CS1'),
('B110','Aarav','Mehta','Kolkata','9000000110','aarav110@student.edu','2004-01-01','M','Undergraduate','India','placed','CSE','Math',1,'CS1'),
('B111','Krishna','Singh','Ahmedabad','9000000111','krishna111@student.edu','2004-01-01','M','Undergraduate','India','placed','CSE','Math',2,'CS1'),
('B112','Vivaan','Rao','Mumbai','9000000112','vivaan112@student.edu','2004-01-01','M','Undergraduate','India','placed','CSE','Math',3,'CS1'),
('B113','Arjun','Patel','Delhi','9000000113','arjun113@student.edu','2004-01-01','M','Undergraduate','India','placed','CSE','Math',4,'CS1'),
('B114','Varun','Gupta','Bangalore','9000000114','varun114@student.edu','2004-01-01','M','Undergraduate','India','placed','CSE','Math',5,'CS1'),
('B115','Aditya','Verma','Hyderabad','9000000115','aditya115@student.edu','2004-01-01','M','Undergraduate','India','placed','CSE','Math',6,'CS1'),
('B116','Priya','Sharma','Pune','9000000116','priya116@student.edu','2004-01-01','M','Undergraduate','India','placed','CSE','Math',7,'CS1'),
('B117','Karthik','Nair','Chennai','9000000117','karthik117@student.edu','2004-01-01','M','Undergraduate','India','placed','CSE','Math',8,'CS1'),
('B118','Rahul','Reddy','Kolkata','9000000118','rahul118@student.edu','2004-01-01','M','Undergraduate','India','placed','CSE','Math',9,'CS1'),
('B119','Ananya','Iyer','Ahmedabad','9000000119','ananya119@student.edu','2004-01-01','M','Undergraduate','India','placed','CSE','Math',10,'CS1'),
('B120','Isha','Mehta','Mumbai','9000000120','isha120@student.edu','2004-01-01','M','Undergraduate','India','placed','CSE','Math',1,'CS1'),
('B121','Meera','Singh','Delhi','9000000121','meera121@student.edu','2004-01-01','M','Undergraduate','India','placed','CSE','Math',2,'CS1'),
('B122','Sneha','Rao','Bangalore','9000000122','sneha122@student.edu','2004-01-01','M','Undergraduate','India','placed','CSE','Math',3,'CS1'),
('B123','Sai','Patel','Hyderabad','9000000123','sai123@student.edu','2004-01-01','M','Undergraduate','India','placed','CSE','Math',4,'CS1'),
('B124','Divya','Gupta','Pune','9000000124','divya124@student.edu','2004-01-01','M','Undergraduate','India','placed','CSE','Math',5,'CS1'),
('B125','Aarav','Verma','Chennai','9000000125','aarav125@student.edu','2004-01-01','M','Undergraduate','India','placed','CSE','Math',6,'CS1'),
('B126','Krishna','Sharma','Kolkata','9000000126','krishna126@student.edu','2004-01-01','M','Undergraduate','India','placed','CSE','Math',7,'CS1'),
('B127','Vivaan','Nair','Ahmedabad','9000000127','vivaan127@student.edu','2004-01-01','M','Undergraduate','India','placed','CSE','Math',8,'CS1'),
('B128','Arjun','Reddy','Mumbai','9000000128','arjun128@student.edu','2004-01-01','M','Undergraduate','India','placed','CSE','Math',9,'CS1'),
('B129','Varun','Iyer','Delhi','9000000129','varun129@student.edu','2004-01-01','M','Undergraduate','India','placed','CSE','Math',10,'CS1'),
('B130','Aditya','Mehta','Bangalore','9000000130','aditya130@student.edu','2004-01-01','M','Undergraduate','India','placed','CSE','Math',1,'CS1'),
('B131','Priya','Singh','Hyderabad','9000000131','priya131@student.edu','2004-01-01','M','Undergraduate','India','placed','CSE','Math',2,'CS1'),
('B132','Karthik','Rao','Pune','9000000132','karthik132@student.edu','2004-01-01','M','Undergraduate','India','placed','CSE','Math',3,'CS1'),
('B133','Rahul','Patel','Chennai','9000000133','rahul133@student.edu','2004-01-01','M','Undergraduate','India','placed','CSE','Math',4,'CS1'),
('B134','Ananya','Gupta','Kolkata','9000000134','ananya134@student.edu','2004-01-01','M','Undergraduate','India','placed','CSE','Math',5,'CS1'),
('B135','Isha','Verma','Ahmedabad','9000000135','isha135@student.edu','2004-01-01','M','Undergraduate','India','placed','CSE','Math',6,'CS1'),
('B136','Meera','Sharma','Mumbai','9000000136','meera136@student.edu','2004-01-01','M','Undergraduate','India','placed','CSE','Math',7,'CS1'),
('B137','Sneha','Nair','Delhi','9000000137','sneha137@student.edu','2004-01-01','M','Undergraduate','India','placed','CSE','Math',8,'CS1'),
('B138','Sai','Reddy','Bangalore','9000000138','sai138@student.edu','2004-01-01','M','Undergraduate','India','placed','CSE','Math',9,'CS1'),
('B139','Divya','Iyer','Hyderabad','9000000139','divya139@student.edu','2004-01-01','M','Undergraduate','India','placed','CSE','Math',10,'CS1'),
('B140','Aarav','Mehta','Pune','9000000140','aarav140@student.edu','2004-01-01','M','Undergraduate','India','placed','CSE','Math',1,'CS1'),
('B141','Krishna','Singh','Chennai','9000000141','krishna141@student.edu','2004-01-01','M','Undergraduate','India','placed','CSE','Math',2,'CS1'),
('B142','Vivaan','Rao','Kolkata','9000000142','vivaan142@student.edu','2004-01-01','M','Undergraduate','India','placed','CSE','Math',3,'CS1'),
('B143','Arjun','Patel','Ahmedabad','9000000143','arjun143@student.edu','2004-01-01','M','Undergraduate','India','placed','CSE','Math',4,'CS1'),
('B144','Varun','Gupta','Mumbai','9000000144','varun144@student.edu','2004-01-01','M','Undergraduate','India','placed','CSE','Math',5,'CS1'),
('B145','Aditya','Verma','Delhi','9000000145','aditya145@student.edu','2004-01-01','M','Undergraduate','India','placed','CSE','Math',6,'CS1'),
('B146','Priya','Sharma','Bangalore','9000000146','priya146@student.edu','2004-01-01','M','Undergraduate','India','placed','CSE','Math',7,'CS1'),
('B147','Karthik','Nair','Hyderabad','9000000147','karthik147@student.edu','2004-01-01','M','Undergraduate','India','placed','CSE','Math',8,'CS1'),
('B148','Rahul','Reddy','Pune','9000000148','rahul148@student.edu','2004-01-01','M','Undergraduate','India','placed','CSE','Math',9,'CS1'),
('B149','Ananya','Iyer','Chennai','9000000149','ananya149@student.edu','2004-01-01','M','Undergraduate','India','placed','CSE','Math',10,'CS1'),
('B150','Isha','Mehta','Kolkata','9000000150','isha150@student.edu','2004-01-01','M','Undergraduate','India','placed','CSE','Math',1,'CS1'),
('B151','Meera','Singh','Ahmedabad','9000000151','meera151@student.edu','2004-01-01','M','Undergraduate','India','placed','CSE','Math',2,'CS1'),
('B152','Sneha','Rao','Mumbai','9000000152','sneha152@student.edu','2004-01-01','M','Undergraduate','India','placed','CSE','Math',3,'CS1'),
('B153','Sai','Patel','Delhi','9000000153','sai153@student.edu','2004-01-01','M','Undergraduate','India','placed','CSE','Math',4,'CS1'),
('B154','Divya','Gupta','Bangalore','9000000154','divya154@student.edu','2004-01-01','M','Undergraduate','India','placed','CSE','Math',5,'CS1'),
('B155','Aarav','Verma','Hyderabad','9000000155','aarav155@student.edu','2004-01-01','M','Undergraduate','India','placed','CSE','Math',6,'CS1'),
('B156','Krishna','Sharma','Pune','9000000156','krishna156@student.edu','2004-01-01','M','Undergraduate','India','placed','CSE','Math',7,'CS1'),
('B157','Vivaan','Nair','Chennai','9000000157','vivaan157@student.edu','2004-01-01','M','Undergraduate','India','placed','CSE','Math',8,'CS1'),
('B158','Arjun','Reddy','Kolkata','9000000158','arjun158@student.edu','2004-01-01','M','Undergraduate','India','placed','CSE','Math',9,'CS1'),
('B159','Varun','Iyer','Ahmedabad','9000000159','varun159@student.edu','2004-01-01','M','Undergraduate','India','placed','CSE','Math',10,'CS1'),
('B160','Aditya','Mehta','Mumbai','9000000160','aditya160@student.edu','2004-01-01','M','Undergraduate','India','placed','CSE','Math',1,'CS1'),
('B161','Priya','Singh','Delhi','9000000161','priya161@student.edu','2004-01-01','M','Undergraduate','India','placed','CSE','Math',2,'CS1'),
('B162','Karthik','Rao','Bangalore','9000000162','karthik162@student.edu','2004-01-01','M','Undergraduate','India','placed','CSE','Math',3,'CS1'),
('B163','Rahul','Patel','Hyderabad','9000000163','rahul163@student.edu','2004-01-01','M','Undergraduate','India','placed','CSE','Math',4,'CS1'),
('B164','Ananya','Gupta','Pune','9000000164','ananya164@student.edu','2004-01-01','M','Undergraduate','India','placed','CSE','Math',5,'CS1'),
('B165','Isha','Verma','Chennai','9000000165','isha165@student.edu','2004-01-01','M','Undergraduate','India','placed','CSE','Math',6,'CS1'),
('B166','Meera','Sharma','Kolkata','9000000166','meera166@student.edu','2004-01-01','M','Undergraduate','India','placed','CSE','Math',7,'CS1'),
('B167','Sneha','Nair','Ahmedabad','9000000167','sneha167@student.edu','2004-01-01','M','Undergraduate','India','placed','CSE','Math',8,'CS1'),
('B168','Sai','Reddy','Mumbai','9000000168','sai168@student.edu','2004-01-01','M','Undergraduate','India','placed','CSE','Math',9,'CS1'),
('B169','Divya','Iyer','Delhi','9000000169','divya169@student.edu','2004-01-01','M','Undergraduate','India','placed','CSE','Math',10,'CS1'),
('B170','Aarav','Mehta','Bangalore','9000000170','aarav170@student.edu','2004-01-01','M','Undergraduate','India','placed','CSE','Math',1,'CS1'),
('B171','Krishna','Singh','Hyderabad','9000000171','krishna171@student.edu','2004-01-01','M','Undergraduate','India','placed','CSE','Math',2,'CS1'),
('B172','Vivaan','Rao','Pune','9000000172','vivaan172@student.edu','2004-01-01','M','Undergraduate','India','placed','CSE','Math',3,'CS1'),
('B173','Arjun','Patel','Chennai','9000000173','arjun173@student.edu','2004-01-01','M','Undergraduate','India','placed','CSE','Math',4,'CS1'),
('B174','Varun','Gupta','Kolkata','9000000174','varun174@student.edu','2004-01-01','M','Undergraduate','India','placed','CSE','Math',5,'CS1'),
('B175','Aditya','Verma','Ahmedabad','9000000175','aditya175@student.edu','2004-01-01','M','Undergraduate','India','placed','CSE','Math',6,'CS1'),
('B176','Priya','Sharma','Mumbai','9000000176','priya176@student.edu','2004-01-01','M','Undergraduate','India','placed','CSE','Math',7,'CS1'),
('B177','Karthik','Nair','Delhi','9000000177','karthik177@student.edu','2004-01-01','M','Undergraduate','India','placed','CSE','Math',8,'CS1'),
('B178','Rahul','Reddy','Bangalore','9000000178','rahul178@student.edu','2004-01-01','M','Undergraduate','India','placed','CSE','Math',9,'CS1'),
('B179','Ananya','Iyer','Hyderabad','9000000179','ananya179@student.edu','2004-01-01','M','Undergraduate','India','placed','CSE','Math',10,'CS1'),
('B180','Isha','Mehta','Pune','9000000180','isha180@student.edu','2004-01-01','M','Undergraduate','India','placed','CSE','Math',1,'CS1'),
('B181','Meera','Singh','Chennai','9000000181','meera181@student.edu','2004-01-01','M','Undergraduate','India','placed','CSE','Math',2,'CS1'),
('B182','Sneha','Rao','Kolkata','9000000182','sneha182@student.edu','2004-01-01','M','Undergraduate','India','placed','CSE','Math',3,'CS1'),
('B183','Sai','Patel','Ahmedabad','9000000183','sai183@student.edu','2004-01-01','M','Undergraduate','India','placed','CSE','Math',4,'CS1'),
('B184','Divya','Gupta','Mumbai','9000000184','divya184@student.edu','2004-01-01','M','Undergraduate','India','placed','CSE','Math',5,'CS1'),
('B185','Aarav','Verma','Delhi','9000000185','aarav185@student.edu','2004-01-01','M','Undergraduate','India','placed','CSE','Math',6,'CS1'),
('B186','Krishna','Sharma','Bangalore','9000000186','krishna186@student.edu','2004-01-01','M','Undergraduate','India','placed','CSE','Math',7,'CS1'),
('B187','Vivaan','Nair','Hyderabad','9000000187','vivaan187@student.edu','2004-01-01','M','Undergraduate','India','placed','CSE','Math',8,'CS1'),
('B188','Arjun','Reddy','Pune','9000000188','arjun188@student.edu','2004-01-01','M','Undergraduate','India','placed','CSE','Math',9,'CS1'),
('B189','Varun','Iyer','Chennai','9000000189','varun189@student.edu','2004-01-01','M','Undergraduate','India','placed','CSE','Math',10,'CS1'),
('B190','Aditya','Mehta','Kolkata','9000000190','aditya190@student.edu','2004-01-01','M','Undergraduate','India','placed','CSE','Math',1,'CS1'),
('B191','Priya','Singh','Ahmedabad','9000000191','priya191@student.edu','2004-01-01','M','Undergraduate','India','placed','CSE','Math',2,'CS1'),
('B192','Karthik','Rao','Mumbai','9000000192','karthik192@student.edu','2004-01-01','M','Undergraduate','India','placed','CSE','Math',3,'CS1'),
('B193','Rahul','Patel','Delhi','9000000193','rahul193@student.edu','2004-01-01','M','Undergraduate','India','placed','CSE','Math',4,'CS1'),
('B194','Ananya','Gupta','Bangalore','9000000194','ananya194@student.edu','2004-01-01','M','Undergraduate','India','placed','CSE','Math',5,'CS1'),
('B195','Isha','Verma','Hyderabad','9000000195','isha195@student.edu','2004-01-01','M','Undergraduate','India','placed','CSE','Math',6,'CS1'),
('B196','Meera','Sharma','Pune','9000000196','meera196@student.edu','2004-01-01','M','Undergraduate','India','placed','CSE','Math',7,'CS1'),
('B197','Sneha','Nair','Chennai','9000000197','sneha197@student.edu','2004-01-01','M','Undergraduate','India','placed','CSE','Math',8,'CS1'),
('B198','Sai','Reddy','Kolkata','9000000198','sai198@student.edu','2004-01-01','M','Undergraduate','India','placed','CSE','Math',9,'CS1'),
('B199','Divya','Iyer','Ahmedabad','9000000199','divya199@student.edu','2004-01-01','M','Undergraduate','India','placed','CSE','Math',10,'CS1'),
('B200','Aarav','Mehta','Mumbai','9000000200','aarav200@student.edu','2004-01-01','M','Undergraduate','India','placed','CSE','Math',1,'CS1'),
('B201','Krishna','Singh','Delhi','9000000201','krishna201@student.edu','2004-01-01','M','Undergraduate','India','placed','CSE','Math',2,'CS1'),
('B202','Vivaan','Rao','Bangalore','9000000202','vivaan202@student.edu','2004-01-01','M','Undergraduate','India','placed','CSE','Math',3,'CS1'),
('B203','Arjun','Patel','Hyderabad','9000000203','arjun203@student.edu','2004-01-01','M','Undergraduate','India','placed','CSE','Math',4,'CS1'),
('B204','Varun','Gupta','Pune','9000000204','varun204@student.edu','2004-01-01','M','Undergraduate','India','placed','CSE','Math',5,'CS1'),
('B205','Aditya','Verma','Chennai','9000000205','aditya205@student.edu','2004-01-01','M','Undergraduate','India','placed','CSE','Math',6,'CS1'),
('B206','Priya','Sharma','Kolkata','9000000206','priya206@student.edu','2004-01-01','M','Undergraduate','India','placed','CSE','Math',7,'CS1'),
('B207','Karthik','Nair','Ahmedabad','9000000207','karthik207@student.edu','2004-01-01','M','Undergraduate','India','placed','CSE','Math',8,'CS1'),
('B208','Rahul','Reddy','Mumbai','9000000208','rahul208@student.edu','2004-01-01','M','Undergraduate','India','placed','CSE','Math',9,'CS1'),
('B209','Ananya','Iyer','Delhi','9000000209','ananya209@student.edu','2004-01-01','M','Undergraduate','India','placed','CSE','Math',10,'CS1'),
('B210','Isha','Mehta','Bangalore','9000000210','isha210@student.edu','2004-01-01','M','Undergraduate','India','placed','CSE','Math',1,'CS1'),
('B211','Meera','Singh','Hyderabad','9000000211','meera211@student.edu','2004-01-01','M','Undergraduate','India','placed','CSE','Math',2,'CS1'),
('B212','Sneha','Rao','Pune','9000000212','sneha212@student.edu','2004-01-01','M','Undergraduate','India','placed','CSE','Math',3,'CS1'),
('B213','Sai','Patel','Chennai','9000000213','sai213@student.edu','2004-01-01','M','Undergraduate','India','placed','CSE','Math',4,'CS1'),
('B214','Divya','Gupta','Kolkata','9000000214','divya214@student.edu','2004-01-01','M','Undergraduate','India','placed','CSE','Math',5,'CS1'),
('B215','Aarav','Verma','Ahmedabad','9000000215','aarav215@student.edu','2004-01-01','M','Undergraduate','India','placed','CSE','Math',6,'CS1'),
('B216','Krishna','Sharma','Mumbai','9000000216','krishna216@student.edu','2004-01-01','M','Undergraduate','India','placed','CSE','Math',7,'CS1'),
('B217','Vivaan','Nair','Delhi','9000000217','vivaan217@student.edu','2004-01-01','M','Undergraduate','India','placed','CSE','Math',8,'CS1'),
('B218','Arjun','Reddy','Bangalore','9000000218','arjun218@student.edu','2004-01-01','M','Undergraduate','India','placed','CSE','Math',9,'CS1'),
('B219','Varun','Iyer','Hyderabad','9000000219','varun219@student.edu','2004-01-01','M','Undergraduate','India','placed','CSE','Math',10,'CS1'),
('B220','Aditya','Mehta','Pune','9000000220','aditya220@student.edu','2004-01-01','M','Undergraduate','India','placed','CSE','Math',1,'CS1'),
('B221','Priya','Singh','Chennai','9000000221','priya221@student.edu','2004-01-01','M','Undergraduate','India','placed','CSE','Math',2,'CS1'),
('B222','Karthik','Rao','Kolkata','9000000222','karthik222@student.edu','2004-01-01','M','Undergraduate','India','placed','CSE','Math',3,'CS1'),
('B223','Rahul','Patel','Ahmedabad','9000000223','rahul223@student.edu','2004-01-01','M','Undergraduate','India','placed','CSE','Math',4,'CS1'),
('B224','Ananya','Gupta','Mumbai','9000000224','ananya224@student.edu','2004-01-01','M','Undergraduate','India','placed','CSE','Math',5,'CS1'),
('B225','Isha','Verma','Delhi','9000000225','isha225@student.edu','2004-01-01','M','Undergraduate','India','placed','CSE','Math',6,'CS1'),
('B226','Meera','Sharma','Bangalore','9000000226','meera226@student.edu','2004-01-01','M','Undergraduate','India','placed','CSE','Math',7,'CS1'),
('B227','Sneha','Nair','Hyderabad','9000000227','sneha227@student.edu','2004-01-01','M','Undergraduate','India','placed','CSE','Math',8,'CS1'),
('B228','Sai','Reddy','Pune','9000000228','sai228@student.edu','2004-01-01','M','Undergraduate','India','placed','CSE','Math',9,'CS1'),
('B229','Divya','Iyer','Chennai','9000000229','divya229@student.edu','2004-01-01','M','Undergraduate','India','placed','CSE','Math',10,'CS1'),
('B230','Aarav','Mehta','Kolkata','9000000230','aarav230@student.edu','2004-01-01','M','Undergraduate','India','placed','CSE','Math',1,'CS1'),
('B231','Krishna','Singh','Ahmedabad','9000000231','krishna231@student.edu','2004-01-01','M','Undergraduate','India','placed','CSE','Math',2,'CS1'),
('B232','Vivaan','Rao','Mumbai','9000000232','vivaan232@student.edu','2004-01-01','M','Undergraduate','India','placed','CSE','Math',3,'CS1'),
('B233','Arjun','Patel','Delhi','9000000233','arjun233@student.edu','2004-01-01','M','Undergraduate','India','placed','CSE','Math',4,'CS1'),
('B234','Varun','Gupta','Bangalore','9000000234','varun234@student.edu','2004-01-01','M','Undergraduate','India','placed','CSE','Math',5,'CS1'),
('B235','Aditya','Verma','Hyderabad','9000000235','aditya235@student.edu','2004-01-01','M','Undergraduate','India','placed','CSE','Math',6,'CS1'),
('B236','Priya','Sharma','Pune','9000000236','priya236@student.edu','2004-01-01','M','Undergraduate','India','placed','CSE','Math',7,'CS1'),
('B237','Karthik','Nair','Chennai','9000000237','karthik237@student.edu','2004-01-01','M','Undergraduate','India','placed','CSE','Math',8,'CS1'),
('B238','Rahul','Reddy','Kolkata','9000000238','rahul238@student.edu','2004-01-01','M','Undergraduate','India','placed','CSE','Math',9,'CS1'),
('B239','Ananya','Iyer','Ahmedabad','9000000239','ananya239@student.edu','2004-01-01','M','Undergraduate','India','placed','CSE','Math',10,'CS1'),
('B240','Isha','Mehta','Mumbai','9000000240','isha240@student.edu','2004-01-01','M','Undergraduate','India','placed','CSE','Math',1,'CS1'),
('B241','Meera','Singh','Delhi','9000000241','meera241@student.edu','2004-01-01','M','Undergraduate','India','placed','CSE','Math',2,'CS1'),
('B242','Sneha','Rao','Bangalore','9000000242','sneha242@student.edu','2004-01-01','M','Undergraduate','India','placed','CSE','Math',3,'CS1'),
('B243','Sai','Patel','Hyderabad','9000000243','sai243@student.edu','2004-01-01','M','Undergraduate','India','placed','CSE','Math',4,'CS1'),
('B244','Divya','Gupta','Pune','9000000244','divya244@student.edu','2004-01-01','M','Undergraduate','India','placed','CSE','Math',5,'CS1'),
('B245','Aarav','Verma','Chennai','9000000245','aarav245@student.edu','2004-01-01','M','Undergraduate','India','placed','CSE','Math',6,'CS1'),
('B246','Krishna','Sharma','Kolkata','9000000246','krishna246@student.edu','2004-01-01','M','Undergraduate','India','placed','CSE','Math',7,'CS1'),
('B247','Vivaan','Nair','Ahmedabad','9000000247','vivaan247@student.edu','2004-01-01','M','Undergraduate','India','placed','CSE','Math',8,'CS1'),
('B248','Arjun','Reddy','Mumbai','9000000248','arjun248@student.edu','2004-01-01','M','Undergraduate','India','placed','CSE','Math',9,'CS1'),
('B249','Varun','Iyer','Delhi','9000000249','varun249@student.edu','2004-01-01','M','Undergraduate','India','placed','CSE','Math',10,'CS1'),
('B250','Aditya','Mehta','Bangalore','9000000250','aditya250@student.edu','2004-01-01','M','Undergraduate','India','placed','CSE','Math',1,'CS1'),
('B251','Priya','Singh','Hyderabad','9000000251','priya251@student.edu','2004-01-01','M','Undergraduate','India','waiting','CSE','Math',2,'CS1'),
('B252','Karthik','Rao','Pune','9000000252','karthik252@student.edu','2004-01-01','M','Undergraduate','India','waiting','CSE','Math',3,'CS1'),
('B253','Rahul','Patel','Chennai','9000000253','rahul253@student.edu','2004-01-01','M','Undergraduate','India','waiting','CSE','Math',4,'CS1'),
('B254','Ananya','Gupta','Kolkata','9000000254','ananya254@student.edu','2004-01-01','M','Undergraduate','India','waiting','CSE','Math',5,'CS1'),
('B255','Isha','Verma','Ahmedabad','9000000255','isha255@student.edu','2004-01-01','M','Undergraduate','India','waiting','CSE','Math',6,'CS1'),
('B256','Meera','Sharma','Mumbai','9000000256','meera256@student.edu','2004-01-01','M','Undergraduate','India','waiting','CSE','Math',7,'CS1'),
('B257','Sneha','Nair','Delhi','9000000257','sneha257@student.edu','2004-01-01','M','Undergraduate','India','waiting','CSE','Math',8,'CS1'),
('B258','Sai','Reddy','Bangalore','9000000258','sai258@student.edu','2004-01-01','M','Undergraduate','India','waiting','CSE','Math',9,'CS1'),
('B259','Divya','Iyer','Hyderabad','9000000259','divya259@student.edu','2004-01-01','M','Undergraduate','India','waiting','CSE','Math',10,'CS1'),
('B260','Aarav','Mehta','Pune','9000000260','aarav260@student.edu','2004-01-01','M','Undergraduate','India','waiting','CSE','Math',1,'CS1'),
('B261','Krishna','Singh','Chennai','9000000261','krishna261@student.edu','2004-01-01','M','Undergraduate','India','waiting','CSE','Math',2,'CS1'),
('B262','Vivaan','Rao','Kolkata','9000000262','vivaan262@student.edu','2004-01-01','M','Undergraduate','India','waiting','CSE','Math',3,'CS1'),
('B263','Arjun','Patel','Ahmedabad','9000000263','arjun263@student.edu','2004-01-01','M','Undergraduate','India','waiting','CSE','Math',4,'CS1'),
('B264','Varun','Gupta','Mumbai','9000000264','varun264@student.edu','2004-01-01','M','Undergraduate','India','waiting','CSE','Math',5,'CS1'),
('B265','Aditya','Verma','Delhi','9000000265','aditya265@student.edu','2004-01-01','M','Undergraduate','India','waiting','CSE','Math',6,'CS1'),
('B266','Priya','Sharma','Bangalore','9000000266','priya266@student.edu','2004-01-01','M','Undergraduate','India','waiting','CSE','Math',7,'CS1'),
('B267','Karthik','Nair','Hyderabad','9000000267','karthik267@student.edu','2004-01-01','M','Undergraduate','India','waiting','CSE','Math',8,'CS1'),
('B268','Rahul','Reddy','Pune','9000000268','rahul268@student.edu','2004-01-01','M','Undergraduate','India','waiting','CSE','Math',9,'CS1'),
('B269','Ananya','Iyer','Chennai','9000000269','ananya269@student.edu','2004-01-01','M','Undergraduate','India','waiting','CSE','Math',10,'CS1'),
('B270','Isha','Mehta','Kolkata','9000000270','isha270@student.edu','2004-01-01','M','Undergraduate','India','waiting','CSE','Math',1,'CS1'),
('B271','Meera','Singh','Ahmedabad','9000000271','meera271@student.edu','2004-01-01','M','Undergraduate','India','waiting','CSE','Math',2,'CS1'),
('B272','Sneha','Rao','Mumbai','9000000272','sneha272@student.edu','2004-01-01','M','Undergraduate','India','waiting','CSE','Math',3,'CS1'),
('B273','Sai','Patel','Delhi','9000000273','sai273@student.edu','2004-01-01','M','Undergraduate','India','waiting','CSE','Math',4,'CS1'),
('B274','Divya','Gupta','Bangalore','9000000274','divya274@student.edu','2004-01-01','M','Undergraduate','India','waiting','CSE','Math',5,'CS1'),
('B275','Aarav','Verma','Hyderabad','9000000275','aarav275@student.edu','2004-01-01','M','Undergraduate','India','waiting','CSE','Math',6,'CS1'),
('B276','Krishna','Sharma','Pune','9000000276','krishna276@student.edu','2004-01-01','M','Undergraduate','India','waiting','CSE','Math',7,'CS1'),
('B277','Vivaan','Nair','Chennai','9000000277','vivaan277@student.edu','2004-01-01','M','Undergraduate','India','waiting','CSE','Math',8,'CS1'),
('B278','Arjun','Reddy','Kolkata','9000000278','arjun278@student.edu','2004-01-01','M','Undergraduate','India','waiting','CSE','Math',9,'CS1'),
('B279','Varun','Iyer','Ahmedabad','9000000279','varun279@student.edu','2004-01-01','M','Undergraduate','India','waiting','CSE','Math',10,'CS1'),
('B280','Aditya','Mehta','Mumbai','9000000280','aditya280@student.edu','2004-01-01','M','Undergraduate','India','waiting','CSE','Math',1,'CS1'),
('B281','Priya','Singh','Delhi','9000000281','priya281@student.edu','2004-01-01','M','Undergraduate','India','waiting','CSE','Math',2,'CS1'),
('B282','Karthik','Rao','Bangalore','9000000282','karthik282@student.edu','2004-01-01','M','Undergraduate','India','waiting','CSE','Math',3,'CS1'),
('B283','Rahul','Patel','Hyderabad','9000000283','rahul283@student.edu','2004-01-01','M','Undergraduate','India','waiting','CSE','Math',4,'CS1'),
('B284','Ananya','Gupta','Pune','9000000284','ananya284@student.edu','2004-01-01','M','Undergraduate','India','waiting','CSE','Math',5,'CS1'),
('B285','Isha','Verma','Chennai','9000000285','isha285@student.edu','2004-01-01','M','Undergraduate','India','waiting','CSE','Math',6,'CS1'),
('B286','Meera','Sharma','Kolkata','9000000286','meera286@student.edu','2004-01-01','M','Undergraduate','India','waiting','CSE','Math',7,'CS1'),
('B287','Sneha','Nair','Ahmedabad','9000000287','sneha287@student.edu','2004-01-01','M','Undergraduate','India','waiting','CSE','Math',8,'CS1'),
('B288','Sai','Reddy','Mumbai','9000000288','sai288@student.edu','2004-01-01','M','Undergraduate','India','waiting','CSE','Math',9,'CS1'),
('B289','Divya','Iyer','Delhi','9000000289','divya289@student.edu','2004-01-01','M','Undergraduate','India','waiting','CSE','Math',10,'CS1'),
('B290','Aarav','Mehta','Bangalore','9000000290','aarav290@student.edu','2004-01-01','M','Undergraduate','India','waiting','CSE','Math',1,'CS1'),
('B291','Krishna','Singh','Hyderabad','9000000291','krishna291@student.edu','2004-01-01','M','Undergraduate','India','waiting','CSE','Math',2,'CS1'),
('B292','Vivaan','Rao','Pune','9000000292','vivaan292@student.edu','2004-01-01','M','Undergraduate','India','waiting','CSE','Math',3,'CS1'),
('B293','Arjun','Patel','Chennai','9000000293','arjun293@student.edu','2004-01-01','M','Undergraduate','India','waiting','CSE','Math',4,'CS1'),
('B294','Varun','Gupta','Kolkata','9000000294','varun294@student.edu','2004-01-01','M','Undergraduate','India','waiting','CSE','Math',5,'CS1'),
('B295','Aditya','Verma','Ahmedabad','9000000295','aditya295@student.edu','2004-01-01','M','Undergraduate','India','waiting','CSE','Math',6,'CS1'),
('B296','Priya','Sharma','Mumbai','9000000296','priya296@student.edu','2004-01-01','M','Undergraduate','India','waiting','CSE','Math',7,'CS1'),
('B297','Karthik','Nair','Delhi','9000000297','karthik297@student.edu','2004-01-01','M','Undergraduate','India','waiting','CSE','Math',8,'CS1'),
('B298','Rahul','Reddy','Bangalore','9000000298','rahul298@student.edu','2004-01-01','M','Undergraduate','India','waiting','CSE','Math',9,'CS1'),
('B299','Ananya','Iyer','Hyderabad','9000000299','ananya299@student.edu','2004-01-01','M','Undergraduate','India','waiting','CSE','Math',10,'CS1'),
('B300','Isha','Mehta','Pune','9000000300','isha300@student.edu','2004-01-01','M','Undergraduate','India','waiting','CSE','Math',1,'CS1');

-- Leases
INSERT INTO Lease (banner_id, place_id, start_date, end_date, semester) 
SELECT banner_id, (CAST(SUBSTRING(banner_id, 2) AS UNSIGNED) % 250) + 1, 
'2026-06-01', '2026-08-31', IF(CAST(SUBSTRING(banner_id, 2) AS UNSIGNED) % 5 = 0, 'Summer', 'Fall') 
FROM Student WHERE status='placed';

-- Invoices
INSERT INTO Invoice (lease_id, amount, due_date, paid_date) 
SELECT lease_id, 1000, '2026-09-01', IF(lease_id%2=0, '2026-08-01', NULL) FROM Lease;

-- Flats (3 flat buildings added as Hall entries)
INSERT INTO Hall VALUES ('Flat X','5561',6), ('Flat Y','5562',7), ('Flat Z','5563',8);

-- Flat capacity metadata
INSERT INTO Flat VALUES ('Flat X', 3), ('Flat Y', 4), ('Flat Z', 5);

-- Flat Rooms (10 apartments each)
INSERT INTO Room (room_no, rent, hall_name) VALUES
('FX1', 350, 'Flat X'), ('FX2', 350, 'Flat X'), ('FX3', 350, 'Flat X'), ('FX4', 375, 'Flat X'), ('FX5', 375, 'Flat X'),
('FX6', 375, 'Flat X'), ('FX7', 400, 'Flat X'), ('FX8', 400, 'Flat X'), ('FX9', 400, 'Flat X'), ('FX10', 425, 'Flat X'),
('FY1', 300, 'Flat Y'), ('FY2', 300, 'Flat Y'), ('FY3', 325, 'Flat Y'), ('FY4', 325, 'Flat Y'), ('FY5', 350, 'Flat Y'),
('FY6', 350, 'Flat Y'), ('FY7', 375, 'Flat Y'), ('FY8', 375, 'Flat Y'), ('FY9', 400, 'Flat Y'), ('FY10', 400, 'Flat Y'),
('FZ1', 275, 'Flat Z'), ('FZ2', 275, 'Flat Z'), ('FZ3', 275, 'Flat Z'), ('FZ4', 300, 'Flat Z'), ('FZ5', 300, 'Flat Z'),
('FZ6', 300, 'Flat Z'), ('FZ7', 325, 'Flat Z'), ('FZ8', 325, 'Flat Z'), ('FZ9', 325, 'Flat Z'), ('FZ10', 350, 'Flat Z');

-- Move some waiting students into flats and mark them placed
-- Flat X (capacity 3): students B251-B280 → 30 students across 10 rooms (3 per room)
UPDATE Student SET status='placed', preference='Flat' WHERE banner_id IN ('B251','B252','B253','B254','B255','B256','B257','B258','B259','B260','B261','B262','B263','B264','B265','B266','B267','B268','B269','B270','B271','B272','B273','B274','B275','B276','B277','B278','B279','B280');

-- Flat Y (capacity 4): students B281-B290 → share across some rooms
UPDATE Student SET status='placed', preference='Flat' WHERE banner_id IN ('B281','B282','B283','B284','B285','B286','B287','B288','B289','B290');

-- Create leases for flat students (Flat X rooms start at place_id 251)
-- We need to calculate the right place_ids dynamically
INSERT INTO Lease (banner_id, place_id, start_date, end_date, semester) 
SELECT s.banner_id, r.place_id, '2026-06-01', '2026-08-31', 'Fall'
FROM Student s 
JOIN Room r ON r.hall_name = 'Flat X'
WHERE s.banner_id IN ('B251','B252','B253','B254','B255','B256','B257','B258','B259','B260','B261','B262','B263','B264','B265','B266','B267','B268','B269','B270','B271','B272','B273','B274','B275','B276','B277','B278','B279','B280')
AND r.room_no = CONCAT('FX', ((CAST(SUBSTRING(s.banner_id, 2) AS UNSIGNED) - 251) DIV 3) + 1);

INSERT INTO Lease (banner_id, place_id, start_date, end_date, semester) 
SELECT s.banner_id, r.place_id, '2026-06-01', '2026-08-31', 'Fall'
FROM Student s 
JOIN Room r ON r.hall_name = 'Flat Y'
WHERE s.banner_id IN ('B281','B282','B283','B284','B285','B286','B287','B288','B289','B290')
AND r.room_no = CONCAT('FY', ((CAST(SUBSTRING(s.banner_id, 2) AS UNSIGNED) - 281) DIV 4) + 1);
